[
  {
    "pname": "Avalonia",
    "version": "11.0.0",
    "hash": "sha256-7QE0MtD1QDiG3gRx5xW33E33BXyEtASQSw+Wi3Lmy3E="
  },
  {
    "pname": "Avalonia",
    "version": "11.2.7",
    "hash": "sha256-WXMsXV1xRvgDcLcEvxUCK9hOXOhYKzizOuJw0fyDz6U="
  },
  {
    "pname": "Avalonia.Angle.Windows.Natives",
    "version": "2.1.22045.20230930",
    "hash": "sha256-RxPcWUT3b/+R3Tu5E5ftpr5ppCLZrhm+OTsi0SwW3pc="
  },
  {
    "pname": "Avalonia.AvaloniaEdit",
    "version": "11.0.0",
    "hash": "sha256-8lJBbbUn6RP4+8qO7VMDdL334o6hTf3Lj3EgIA75K4o="
  },
  {
    "pname": "Avalonia.BuildServices",
    "version": "0.0.31",
    "hash": "sha256-wgtodGf644CsUZEBIpFKcUjYHTbnu7mZmlr8uHIxeKA="
  },
  {
    "pname": "Avalonia.Controls.ColorPicker",
    "version": "11.2.7",
    "hash": "sha256-xTG0LUEgI+gs+nwSyijAZ8pLR6u1PkAcBRWLC4LAwZ4="
  },
  {
    "pname": "Avalonia.Controls.DataGrid",
    "version": "11.2.7",
    "hash": "sha256-hxi7u+d/CkqBqHkJo0hbSnHYM9CLTmd3G4Z5gJQtKR4="
  },
  {
    "pname": "Avalonia.Controls.TreeDataGrid",
    "version": "11.1.0",
    "hash": "sha256-WU0vs7a3BTQQiJn+fBhs+o+iKt5aukIVjpfH5LyyWwc="
  },
  {
    "pname": "Avalonia.Desktop",
    "version": "11.2.7",
    "hash": "sha256-j9o9OuaNhOKrkUfY5I2kp8N+aDP/xcTD2Es48o64INs="
  },
  {
    "pname": "Avalonia.Diagnostics",
    "version": "11.2.7",
    "hash": "sha256-zCT+HFN2z9TFFuzfMD0Bw3D6UgW5Kp2OZsAf733+jP0="
  },
  {
    "pname": "Avalonia.Fonts.Inter",
    "version": "11.2.7",
    "hash": "sha256-HJPHFEHUmvuAl4oeC0U+RGKt55qg7wdYooFVZm/rmTc="
  },
  {
    "pname": "Avalonia.FreeDesktop",
    "version": "11.2.7",
    "hash": "sha256-on2Fwm37hV2duC2kYbDfIo5SdBqJM61YSI7wtQrmFvM="
  },
  {
    "pname": "Avalonia.Headless",
    "version": "11.2.7",
    "hash": "sha256-7P4bAPiRXT1qLS8YNrSX5ZxVW8QiKifSREQXW8XHJeI="
  },
  {
    "pname": "Avalonia.Headless.XUnit",
    "version": "11.2.7",
    "hash": "sha256-TRY05FgYUmJSkLX0bE+GSNCzmT+c0dZk4cgqkoIvA8o="
  },
  {
    "pname": "Avalonia.Native",
    "version": "11.2.7",
    "hash": "sha256-82QIEiB50Quk4paFWpkMArKf7TBtgy4BhywS57tUB7c="
  },
  {
    "pname": "Avalonia.ReactiveUI",
    "version": "11.2.7",
    "hash": "sha256-kiAGTeryNgZRTBzQ8FDV2ZohD0F1L8HHW0QemeDU2jA="
  },
  {
    "pname": "Avalonia.Remote.Protocol",
    "version": "11.2.7",
    "hash": "sha256-Kry9PxzsqZeQKEFOFWme2m2O+aVYuC4ixJ12n9TmOzA="
  },
  {
    "pname": "Avalonia.Skia",
    "version": "11.2.7",
    "hash": "sha256-RUb31FfQJKWWv1vYlfcly4s0mfips7/6YVu1M9PSFdk="
  },
  {
    "pname": "Avalonia.Svg",
    "version": "11.0.0",
    "hash": "sha256-edKxg+OsZ2EkWvSDpGxRTLmEx3U1G0+6CbRJy4VUr/Y="
  },
  {
    "pname": "Avalonia.Themes.Fluent",
    "version": "11.2.7",
    "hash": "sha256-QL2i0X/E2cz2xeUfQb2ISifg5a4c0sXDVbBhq9DVq2c="
  },
  {
    "pname": "Avalonia.Themes.Simple",
    "version": "11.2.7",
    "hash": "sha256-2RcyFgnX1jVKZ0jcZ9ae2Ml15I2fBRAFhtJOo0m1FNE="
  },
  {
    "pname": "Avalonia.Win32",
    "version": "11.2.7",
    "hash": "sha256-pOBcMcGE3XFrdikgh4XwVB8WbK+1rgNUbOpjJ11sVGc="
  },
  {
    "pname": "Avalonia.X11",
    "version": "11.2.7",
    "hash": "sha256-5yadbNSkrHrjFBrEY3uCjF9yERZqK5peh7PIAx9E3HU="
  },
  {
    "pname": "Avalonia.Xaml.Behaviors",
    "version": "11.2.7",
    "hash": "sha256-0GrxHoiJUMWNed3lDotO//vVTcBBfxXP5qYJ6kY/CWg="
  },
  {
    "pname": "Avalonia.Xaml.Interactions",
    "version": "11.2.7",
    "hash": "sha256-Tys7C8EG75r8mLbNjcixRQbWBIFlhX9aLCLj0G3sFoE="
  },
  {
    "pname": "Avalonia.Xaml.Interactions.Custom",
    "version": "11.2.7",
    "hash": "sha256-N++dRqYYwf7k+SSBAz04KeYouhaRuVVTV/23dEpTFww="
  },
  {
    "pname": "Avalonia.Xaml.Interactions.DragAndDrop",
    "version": "11.2.7",
    "hash": "sha256-c7pGBeGISxd2nNq7nMIRKeyEN4eoQeCCUS78E7CwaQ0="
  },
  {
    "pname": "Avalonia.Xaml.Interactions.Draggable",
    "version": "11.2.7",
    "hash": "sha256-E13W4Wg3Qi2a0nUwV7bNkLjTEFQdlueNnnCBLiKYFpo="
  },
  {
    "pname": "Avalonia.Xaml.Interactions.Events",
    "version": "11.2.7",
    "hash": "sha256-S12P9fy4hJHfoEi8BZl0YDBDXjXlpotHSdO3KgJQWOU="
  },
  {
    "pname": "Avalonia.Xaml.Interactions.Responsive",
    "version": "11.2.7",
    "hash": "sha256-ixWEj04qNH5I/27mGL6tss8irz2sRWWwQ39O6VaoHzY="
  },
  {
    "pname": "Avalonia.Xaml.Interactivity",
    "version": "11.2.7",
    "hash": "sha256-yCBoDPA+SyoCuZQYmui6GJfhtS8dr4va16VUvkYo9uM="
  },
  {
    "pname": "Castle.Core",
    "version": "5.1.1",
    "hash": "sha256-oVkQB+ON7S6Q27OhXrTLaxTL0kWB58HZaFFuiw4iTrE="
  },
  {
    "pname": "ColorDocument.Avalonia",
    "version": "11.0.3-a1",
    "hash": "sha256-Pkh5FX+4pBzep5oCCyhIiR559QyFCEb1vrfEgG0wREw="
  },
  {
    "pname": "ColorTextBlock.Avalonia",
    "version": "11.0.3-a1",
    "hash": "sha256-fWJuApxnJLISayQJIKEBVOt/t1Qyj+0s+RezZkMnPio="
  },
  {
    "pname": "coverlet.collector",
    "version": "6.0.0",
    "hash": "sha256-IEmweTMapcPhFHpmJsPXfmMhravYOrWupgjeOvMmQ4o="
  },
  {
    "pname": "dotnet-xunit",
    "version": "2.3.1",
    "hash": "sha256-pGghnfgZMfv6Fb49kLtdbtkcxvBuMsNhNhObFyfVP3A="
  },
  {
    "pname": "DynamicData",
    "version": "8.4.1",
    "hash": "sha256-r+haH5VlmZFJTEJ3UedsYybw+oddn/CSvfm6x7PrrQ4="
  },
  {
    "pname": "ExCSS",
    "version": "4.1.4",
    "hash": "sha256-7dKCwRC+Jt4CTLz9LF3LpmaB8ch1HFrcan7CmM3toPg="
  },
  {
    "pname": "Fizzler",
    "version": "1.2.1",
    "hash": "sha256-FROW1WzitXTauf2Hn7YejOLqNKN2Nd+Q2etFB1pYsvA="
  },
  {
    "pname": "HarfBuzzSharp",
    "version": "7.3.0.3",
    "hash": "sha256-1vDIcG1aVwVABOfzV09eAAbZLFJqibip9LaIx5k+JxM="
  },
  {
    "pname": "HarfBuzzSharp.NativeAssets.Linux",
    "version": "7.3.0.3",
    "hash": "sha256-HW5r16wdlgDMbE/IfE5AQGDVFJ6TS6oipldfMztx+LM="
  },
  {
    "pname": "HarfBuzzSharp.NativeAssets.macOS",
    "version": "7.3.0.3",
    "hash": "sha256-UpAVfRIYY8Wh8xD4wFjrXHiJcvlBLuc2Xdm15RwQ76w="
  },
  {
    "pname": "HarfBuzzSharp.NativeAssets.WebAssembly",
    "version": "7.3.0.3",
    "hash": "sha256-jHrU70rOADAcsVfVfozU33t/5B5Tk0CurRTf4fVQe3I="
  },
  {
    "pname": "HarfBuzzSharp.NativeAssets.Win32",
    "version": "7.3.0.3",
    "hash": "sha256-v/PeEfleJcx9tsEQAo5+7Q0XPNgBqiSLNnB2nnAGp+I="
  },
  {
    "pname": "HtmlAgilityPack",
    "version": "1.11.42",
    "hash": "sha256-y1sdZXb4+wjvH5gmwyBZOn5CLid7lTHgxEsy13BgdjM="
  },
  {
    "pname": "Libuv",
    "version": "1.9.0",
    "hash": "sha256-DjTLVqtEUVStzRjEMvhPeatqKs5OuuDhcHYSGGCi5ik="
  },
  {
    "pname": "LinqKit.Core",
    "version": "1.2.5",
    "hash": "sha256-0z4RpAt+WvydeCN0GJu4vsMfCxzxmoi+LTE6fQ51NZY="
  },
  {
    "pname": "Markdown.Avalonia",
    "version": "11.0.3-a1",
    "hash": "sha256-tzSWAz/fVQ58EFbSIWO/UoNWQlRJ3g1XA78wYWflLV0="
  },
  {
    "pname": "Markdown.Avalonia.Html",
    "version": "11.0.3-a1",
    "hash": "sha256-rpQiHK/UXEQgbJuaejDirhHJxWjGTpF7ddsEmcP6Pe4="
  },
  {
    "pname": "Markdown.Avalonia.Svg",
    "version": "11.0.3-a1",
    "hash": "sha256-nTuS+2wGv0Y+envK3Sgt+sdXKSHe8qOt8AVl6QbdjfQ="
  },
  {
    "pname": "Markdown.Avalonia.SyntaxHigh",
    "version": "11.0.3-a1",
    "hash": "sha256-t91Gok0OaMBFN/l+fYIoEG8nPWPeXJZZucjtn/23Dq0="
  },
  {
    "pname": "Markdown.Avalonia.Tight",
    "version": "11.0.3-a1",
    "hash": "sha256-KkRzr8BXmUCGCVv/64gg1aiXHUY0yGj5t12OsYAidcw="
  },
  {
    "pname": "MicroCom.Runtime",
    "version": "0.11.0",
    "hash": "sha256-VdwpP5fsclvNqJuppaOvwEwv2ofnAI5ZSz2V+UEdLF0="
  },
  {
    "pname": "Microsoft.AspNetCore.Mvc.Testing",
    "version": "8.0.0",
    "hash": "sha256-5M4Y1OmJrkU4EakzlYxsBQ4G2kdAd2rzWKL23m9bBjo="
  },
  {
    "pname": "Microsoft.AspNetCore.TestHost",
    "version": "8.0.0",
    "hash": "sha256-7+7DzHVTyKzsn4Fjxdmjlu4beKQupVWtk8Zh2KnIFpA="
  },
  {
    "pname": "Microsoft.AspNetCore.WebUtilities",
    "version": "8.0.0",
    "hash": "sha256-e4wqTJUgPfq6CfRwuXTw32K9vB+hOpSLxSZDpzv23Yg="
  },
  {
    "pname": "Microsoft.Build",
    "version": "15.3.409",
    "hash": "sha256-AU0ZVHH95IZ/Lg69Q2LLaRBa5TojHmaSTtp7cTUz+G8="
  },
  {
    "pname": "Microsoft.Build.Framework",
    "version": "15.3.409",
    "hash": "sha256-QgePmmyc2ZANHtFhSNJvtX6/gOXsyF6QV27BmBa3CrY="
  },
  {
    "pname": "Microsoft.Build.Runtime",
    "version": "15.3.409",
    "hash": "sha256-+OBCCLWxwANvWr2ySLASXd7WD3tXqV98MM/J8rFlvow="
  },
  {
    "pname": "Microsoft.Build.Tasks.Core",
    "version": "15.3.409",
    "hash": "sha256-Y6QKjeGZd6tkf3X57M/9C8Ej21Hma74jE5+d+7znuow="
  },
  {
    "pname": "Microsoft.Build.Utilities.Core",
    "version": "15.3.409",
    "hash": "sha256-znJ/BOVWXmVykTUQWxE+wAotuMSIHAWxQVLWrhMFCt0="
  },
  {
    "pname": "Microsoft.CodeAnalysis.Analyzers",
    "version": "1.1.0",
    "hash": "sha256-7KrZfK3kUbmeT82eVadvHurZcaFq3FDj4qkIIeExJiM="
  },
  {
    "pname": "Microsoft.CodeAnalysis.Analyzers",
    "version": "3.3.4",
    "hash": "sha256-qDzTfZBSCvAUu9gzq2k+LOvh6/eRvJ9++VCNck/ZpnE="
  },
  {
    "pname": "Microsoft.CodeAnalysis.BannedApiAnalyzers",
    "version": "3.3.4",
    "hash": "sha256-YPTHTZ8xRPMLADdcVYRO/eq3O9uZjsD+OsGRZE+0+e8="
  },
  {
    "pname": "Microsoft.CodeAnalysis.Common",
    "version": "1.3.0",
    "hash": "sha256-Jcw54WWyfPKdkeqRAG4xjihiGP/djjAkvpR6KM2I+CQ="
  },
  {
    "pname": "Microsoft.CodeAnalysis.Common",
    "version": "4.6.0",
    "hash": "sha256-4koWiniIrv4ZBmS9SZb3347KaejKKh11n7CRj9fkc2M="
  },
  {
    "pname": "Microsoft.CodeAnalysis.CSharp",
    "version": "1.3.0",
    "hash": "sha256-OqqvMHNj9Xql4YTEPMlzoGXXELoLC7JkRGjS0pil+m4="
  },
  {
    "pname": "Microsoft.CodeAnalysis.CSharp",
    "version": "4.6.0",
    "hash": "sha256-OCxUWSolVrmP2bs2SX9WLjb/U8Box8s1Tayk05/n2/k="
  },
  {
    "pname": "Microsoft.CodeAnalysis.VisualBasic",
    "version": "1.3.0",
    "hash": "sha256-lIKN1dG59aY8zeYgkY8Kdnv4UBgSwVbghz5ngPyEzKA="
  },
  {
    "pname": "Microsoft.CodeCoverage",
    "version": "17.8.0",
    "hash": "sha256-cv/wAXfTNS+RWEsHWNKqRDHC7LOQSSdFJ1a9cZuSfJw="
  },
  {
    "pname": "Microsoft.CSharp",
    "version": "4.0.1",
    "hash": "sha256-0huoqR2CJ3Z9Q2peaKD09TV3E6saYSqDGZ290K8CrH8="
  },
  {
    "pname": "Microsoft.CSharp",
    "version": "4.3.0",
    "hash": "sha256-a3dAiPaVuky0wpcHmpTVtAQJNGZ2v91/oArA+dpJgj8="
  },
  {
    "pname": "Microsoft.Data.Sqlite",
    "version": "8.0.0",
    "hash": "sha256-0Q+1SxcHyNgkz4DUTJVaiteOQGydf2Uzk6y/R/rwwws="
  },
  {
    "pname": "Microsoft.Data.Sqlite.Core",
    "version": "8.0.0",
    "hash": "sha256-aew8/vRyzCc7MMNHziR8tsg66EFkJC+Snst3F+a3Ehc="
  },
  {
    "pname": "Microsoft.Extensions.Caching.Abstractions",
    "version": "8.0.0",
    "hash": "sha256-xGpKrywQvU1Wm/WolYIxgHYEFfgkNGeJ+GGc5DT3phI="
  },
  {
    "pname": "Microsoft.Extensions.Caching.Memory",
    "version": "8.0.1",
    "hash": "sha256-5Q0vzHo3ZvGs4nPBc/XlBF4wAwYO8pxq6EGdYjjXZps="
  },
  {
    "pname": "Microsoft.Extensions.Configuration",
    "version": "8.0.0",
    "hash": "sha256-9BPsASlxrV8ilmMCjdb3TiUcm5vFZxkBnAI/fNBSEyA="
  },
  {
    "pname": "Microsoft.Extensions.Configuration.Abstractions",
    "version": "8.0.0",
    "hash": "sha256-4eBpDkf7MJozTZnOwQvwcfgRKQGcNXe0K/kF+h5Rl8o="
  },
  {
    "pname": "Microsoft.Extensions.Configuration.Binder",
    "version": "8.0.0",
    "hash": "sha256-GanfInGzzoN2bKeNwON8/Hnamr6l7RTpYLA49CNXD9Q="
  },
  {
    "pname": "Microsoft.Extensions.Configuration.CommandLine",
    "version": "8.0.0",
    "hash": "sha256-fmPC/o8S+weTtQJWykpnGHm6AKVU21xYE/CaHYU7zgg="
  },
  {
    "pname": "Microsoft.Extensions.Configuration.EnvironmentVariables",
    "version": "8.0.0",
    "hash": "sha256-+bjFZvqCsMf2FRM2olqx/fub+QwfM1kBhjGVOT5HC48="
  },
  {
    "pname": "Microsoft.Extensions.Configuration.FileExtensions",
    "version": "8.0.0",
    "hash": "sha256-BCxcjVP+kvrDDB0nzsFCJfU74UK4VBvct2JA4r+jNcs="
  },
  {
    "pname": "Microsoft.Extensions.Configuration.Json",
    "version": "8.0.0",
    "hash": "sha256-Fi/ijcG5l0BOu7i96xHu96aN5/g7zO6SWQbTsI3Qetg="
  },
  {
    "pname": "Microsoft.Extensions.Configuration.UserSecrets",
    "version": "8.0.0",
    "hash": "sha256-/yj5QaEzeRStvOFoBpPRPXlEehGtr2E6/rJb+OEPIK8="
  },
  {
    "pname": "Microsoft.Extensions.DependencyInjection",
    "version": "8.0.0",
    "hash": "sha256-+qIDR8hRzreCHNEDtUcPfVHQdurzWPo/mqviCH78+EQ="
  },
  {
    "pname": "Microsoft.Extensions.DependencyInjection.Abstractions",
    "version": "8.0.0",
    "hash": "sha256-75KzEGWjbRELczJpCiJub+ltNUMMbz5A/1KQU+5dgP8="
  },
  {
    "pname": "Microsoft.Extensions.DependencyInjection.Abstractions",
    "version": "8.0.2",
    "hash": "sha256-UfLfEQAkXxDaVPC7foE/J3FVEXd31Pu6uQIhTic3JgY="
  },
  {
    "pname": "Microsoft.Extensions.DependencyModel",
    "version": "8.0.0",
    "hash": "sha256-qkCdwemqdZY/yIW5Xmh7Exv74XuE39T8aHGHCofoVgo="
  },
  {
    "pname": "Microsoft.Extensions.Diagnostics",
    "version": "8.0.0",
    "hash": "sha256-fBLlb9xAfTgZb1cpBxFs/9eA+BlBvF8Xg0DMkBqdHD4="
  },
  {
    "pname": "Microsoft.Extensions.Diagnostics.Abstractions",
    "version": "8.0.0",
    "hash": "sha256-USD5uZOaahMqi6u7owNWx/LR4EDrOwqPrAAim7iRpJY="
  },
  {
    "pname": "Microsoft.Extensions.FileProviders.Abstractions",
    "version": "2.0.0",
    "hash": "sha256-hKe5UMOTF9AhZ6duDj99gNwEOUuIDzc4cVcaL3Us3jQ="
  },
  {
    "pname": "Microsoft.Extensions.FileProviders.Abstractions",
    "version": "8.0.0",
    "hash": "sha256-uQSXmt47X2HGoVniavjLICbPtD2ReQOYQMgy3l0xuMU="
  },
  {
    "pname": "Microsoft.Extensions.FileProviders.Physical",
    "version": "2.0.0",
    "hash": "sha256-Q2demwVat35Itq1KKBKn3FAZ7A1bpRGsEIFgfZ5IFFA="
  },
  {
    "pname": "Microsoft.Extensions.FileProviders.Physical",
    "version": "8.0.0",
    "hash": "sha256-29y5ZRQ1ZgzVOxHktYxyiH40kVgm5un2yTGdvuSWnRc="
  },
  {
    "pname": "Microsoft.Extensions.FileSystemGlobbing",
    "version": "2.0.0",
    "hash": "sha256-5D0oI9xxg5CzjiVWwPmgd+yNAJaqEzQqdxw+ErLxnwo="
  },
  {
    "pname": "Microsoft.Extensions.FileSystemGlobbing",
    "version": "8.0.0",
    "hash": "sha256-+Oz41JR5jdcJlCJOSpQIL5OMBNi+1Hl2d0JUHfES7sU="
  },
  {
    "pname": "Microsoft.Extensions.Hosting",
    "version": "8.0.0",
    "hash": "sha256-sKHa+w4/pMeQb5RRFqLtMTUJy5H6hSIGWchbH2pxSrg="
  },
  {
    "pname": "Microsoft.Extensions.Hosting.Abstractions",
    "version": "8.0.0",
    "hash": "sha256-0JBx+wwt5p1SPfO4m49KxNOXPAzAU0A+8tEc/itvpQE="
  },
  {
    "pname": "Microsoft.Extensions.Http",
    "version": "8.0.0",
    "hash": "sha256-UgljypOLld1lL7k7h1noazNzvyEHIJw+r+6uGzucFSY="
  },
  {
    "pname": "Microsoft.Extensions.Logging",
    "version": "8.0.0",
    "hash": "sha256-Meh0Z0X7KyOEG4l0RWBcuHHihcABcvCyfUXgasmQ91o="
  },
  {
    "pname": "Microsoft.Extensions.Logging.Abstractions",
    "version": "1.0.0",
    "hash": "sha256-asIXVFsAK7ELd/f+vLwhxYDdazqRTmf+fGJ4WFtcCeo="
  },
  {
    "pname": "Microsoft.Extensions.Logging.Abstractions",
    "version": "8.0.0",
    "hash": "sha256-Jmddjeg8U5S+iBTwRlVAVLeIHxc4yrrNgqVMOB7EjM4="
  },
  {
    "pname": "Microsoft.Extensions.Logging.Abstractions",
    "version": "8.0.2",
    "hash": "sha256-cHpe8X2BgYa5DzulZfq24rg8O2K5Lmq2OiLhoyAVgJc="
  },
  {
    "pname": "Microsoft.Extensions.Logging.Configuration",
    "version": "8.0.0",
    "hash": "sha256-mzmstNsVjKT0EtQcdAukGRifD30T82BMGYlSu8k4K7U="
  },
  {
    "pname": "Microsoft.Extensions.Logging.Console",
    "version": "8.0.0",
    "hash": "sha256-bdb9YWWVn//AeySp7se87/tCN2E7e8Gx2GPMw28cd9c="
  },
  {
    "pname": "Microsoft.Extensions.Logging.Debug",
    "version": "8.0.0",
    "hash": "sha256-AJunzYBZM2wCg86hnPnMrBuWIIyW/4PnIVoDSU969cA="
  },
  {
    "pname": "Microsoft.Extensions.Logging.EventLog",
    "version": "8.0.0",
    "hash": "sha256-vXBm4yhWGP4uow0CqstuqOkxO8yeZEM15JTTenjPbhc="
  },
  {
    "pname": "Microsoft.Extensions.Logging.EventSource",
    "version": "8.0.0",
    "hash": "sha256-kaR7YOlq5s8W9nZDtH/lKtnfGbrgOuQY4DUPcA2lcj0="
  },
  {
    "pname": "Microsoft.Extensions.Options",
    "version": "8.0.0",
    "hash": "sha256-n2m4JSegQKUTlOsKLZUUHHKMq926eJ0w9N9G+I3FoFw="
  },
  {
    "pname": "Microsoft.Extensions.Options",
    "version": "8.0.2",
    "hash": "sha256-AjcldddddtN/9aH9pg7ClEZycWtFHLi9IPe1GGhNQys="
  },
  {
    "pname": "Microsoft.Extensions.Options.ConfigurationExtensions",
    "version": "8.0.0",
    "hash": "sha256-A5Bbzw1kiNkgirk5x8kyxwg9lLTcSngojeD+ocpG1RI="
  },
  {
    "pname": "Microsoft.Extensions.Primitives",
    "version": "2.0.0",
    "hash": "sha256-q44LtMvyNEKSvgERvA+BrasKapP92Sc91QR4u2TJ9/Y="
  },
  {
    "pname": "Microsoft.Extensions.Primitives",
    "version": "8.0.0",
    "hash": "sha256-FU8qj3DR8bDdc1c+WeGZx/PCZeqqndweZM9epcpXjSo="
  },
  {
    "pname": "Microsoft.Net.Http.Headers",
    "version": "8.0.0",
    "hash": "sha256-Byowq5bRdxNHHjfxjzq+umnifUyKz0t65xeiB4Bjrkw="
  },
  {
    "pname": "Microsoft.NET.Test.Sdk",
    "version": "17.8.0",
    "hash": "sha256-uz7QvW+NsVRsp8FR1wjnGEOkUaPX4JyieywvCN6g2+s="
  },
  {
    "pname": "Microsoft.NETCore.App",
    "version": "1.0.0",
    "hash": "sha256-V+YsHLTJKL4QE7kvSCQw5bCtmUAjkW6DTbbDo45mCUQ="
  },
  {
    "pname": "Microsoft.NETCore.App",
    "version": "2.0.5",
    "hash": "sha256-ZuMG1tPcQ0HkZaj5j/IxiqCHq0+h3HYV/IAeToSZZ2E="
  },
  {
    "pname": "Microsoft.NETCore.DotNetAppHost",
    "version": "2.0.5",
    "hash": "sha256-mku/xvtXrLOvDR47pNipYqOJo0bRbed8l7oill7regE="
  },
  {
    "pname": "Microsoft.NETCore.DotNetHost",
    "version": "1.0.1",
    "hash": "sha256-yiyZ4KGVRDZRgAuoSl4ZNWnRR3ityniyRPvzS799JOM="
  },
  {
    "pname": "Microsoft.NETCore.DotNetHostPolicy",
    "version": "1.0.1",
    "hash": "sha256-4dNpj9sxKfV1jEFDma2hM7d+xJ6+/wJwP3/SugLneG0="
  },
  {
    "pname": "Microsoft.NETCore.DotNetHostPolicy",
    "version": "2.0.5",
    "hash": "sha256-U3s8nlIbA3IKoDwlTmY8uVfJJmoKU8bRn2heHqfWrGw="
  },
  {
    "pname": "Microsoft.NETCore.DotNetHostResolver",
    "version": "1.0.1",
    "hash": "sha256-hGJLA8Q6R+up9zHzk+Up2KF1a+fXZeEWrAZ+iNfQP4E="
  },
  {
    "pname": "Microsoft.NETCore.DotNetHostResolver",
    "version": "2.0.5",
    "hash": "sha256-HI72PKGyYZ8jn9KlZH40Pa4M4Q9VZDp6EJ83h25z4us="
  },
  {
    "pname": "Microsoft.NETCore.Jit",
    "version": "1.0.2",
    "hash": "sha256-T92T+bmdXfpAe73OKFTYXGJW1gTHuwcryBSgV7mwSkk="
  },
  {
    "pname": "Microsoft.NETCore.Platforms",
    "version": "1.0.1",
    "hash": "sha256-mZotlGZqtrqDSoBrZhsxFe6fuOv5/BIo0w2Z2x0zVAU="
  },
  {
    "pname": "Microsoft.NETCore.Platforms",
    "version": "1.1.0",
    "hash": "sha256-FeM40ktcObQJk4nMYShB61H/E8B7tIKfl9ObJ0IOcCM="
  },
  {
    "pname": "Microsoft.NETCore.Platforms",
    "version": "1.1.1",
    "hash": "sha256-8hLiUKvy/YirCWlFwzdejD2Db3DaXhHxT7GSZx/znJg="
  },
  {
    "pname": "Microsoft.NETCore.Platforms",
    "version": "2.0.1",
    "hash": "sha256-1xZBheXlvHr0aNlOks+b1bzv1CxAtCaipZest6OtUMg="
  },
  {
    "pname": "Microsoft.NETCore.Runtime.CoreCLR",
    "version": "1.0.2",
    "hash": "sha256-7K5EruLlrFmN3rAfXZMPK3hfhS728k5Gew0e+L3Ur8M="
  },
  {
    "pname": "Microsoft.NETCore.Targets",
    "version": "1.0.1",
    "hash": "sha256-lxxw/Gy32xHi0fLgFWNj4YTFBSBkjx5l6ucmbTyf7V4="
  },
  {
    "pname": "Microsoft.NETCore.Targets",
    "version": "1.1.0",
    "hash": "sha256-0AqQ2gMS8iNlYkrD+BxtIg7cXMnr9xZHtKAuN4bjfaQ="
  },
  {
    "pname": "Microsoft.NETCore.Targets",
    "version": "1.1.3",
    "hash": "sha256-WLsf1NuUfRWyr7C7Rl9jiua9jximnVvzy6nk2D2bVRc="
  },
  {
    "pname": "Microsoft.NETCore.Windows.ApiSets",
    "version": "1.0.1",
    "hash": "sha256-6PR4o/wQxBaJ5eRdt/awSO80EP3QqpWIk0XkCR9kaJo="
  },
  {
    "pname": "Microsoft.TestPlatform.ObjectModel",
    "version": "17.8.0",
    "hash": "sha256-9TwGrjVvbtyetw67Udp3EMK5MX8j0RFRjduxPCs9ESw="
  },
  {
    "pname": "Microsoft.TestPlatform.TestHost",
    "version": "17.8.0",
    "hash": "sha256-+CTYFu631uovLCO47RKe86YaAqfoLA4r73vKORJUsjg="
  },
  {
    "pname": "Microsoft.VisualBasic",
    "version": "10.0.1",
    "hash": "sha256-7HHzZcWLVTTQ1K1rCIyoB+UxLHMvOIz+O5av6XDa22A="
  },
  {
    "pname": "Microsoft.VisualStudio.Web.CodeGeneration.Contracts",
    "version": "2.0.2",
    "hash": "sha256-wfqv/WRzU6C805zcTsjv3sOK5vvBNDR2Nh0yYOXSRrs="
  },
  {
    "pname": "Microsoft.VisualStudio.Web.CodeGeneration.Tools",
    "version": "2.0.2",
    "hash": "sha256-Bu8ImFY8W/jS2KgpuGOSD8pbJG8mJvHPaaPoHA2ocjo="
  },
  {
    "pname": "Microsoft.Win32.Primitives",
    "version": "4.0.1",
    "hash": "sha256-B4t5El/ViBdxALMcpZulewc4j/3SIXf71HhJWhm4Ctk="
  },
  {
    "pname": "Microsoft.Win32.Registry",
    "version": "4.0.0",
    "hash": "sha256-M/06F/Z2wTHCh4pZOgtCjUGLD1FJXEJKCmzOeFMl7uo="
  },
  {
    "pname": "Microsoft.Win32.SystemEvents",
    "version": "8.0.0",
    "hash": "sha256-UcxurEamYD+Bua0PbPNMYAZaRulMrov8CfbJGIgTaRQ="
  },
  {
    "pname": "Moq",
    "version": "4.18.4",
    "hash": "sha256-JOmYlcTJdQOthRxnT0jAD6WG+NVLMmIV2BM9rNhNg3Q="
  },
  {
    "pname": "NBitcoin",
    "version": "8.0.14",
    "hash": "sha256-Ut/0TdRutL5dljFhsUyrTISqyWe+rBuciKvC7ORBGqc="
  },
  {
    "pname": "NBitcoin.Secp256k1",
    "version": "3.1.0",
    "hash": "sha256-vhp1Rjl//09c8U912Mqfu6/Ip0/ljnZkCkDo9k45dtU="
  },
  {
    "pname": "NBitcoin.Secp256k1",
    "version": "3.1.4",
    "hash": "sha256-D/V/vEAqZxAOjn5fPg028QLpkfweDG56N8/dsc80Fz8="
  },
  {
    "pname": "NETStandard.Library",
    "version": "1.6.0",
    "hash": "sha256-ExWI1EKDCRishcfAeHVS/RoJphqSqohmJIC/wz3ZtVo="
  },
  {
    "pname": "NETStandard.Library",
    "version": "2.0.1",
    "hash": "sha256-s4UiH848a+p2yWwMH+8PaYGnQL2qnY0GmixoeLvkhDQ="
  },
  {
    "pname": "NETStandard.Library",
    "version": "2.0.3",
    "hash": "sha256-Prh2RPebz/s8AzHb2sPHg3Jl8s31inv9k+Qxd293ybo="
  },
  {
    "pname": "Newtonsoft.Json",
    "version": "10.0.1",
    "hash": "sha256-Gw7dQIsmYfmcR5ASTuMsB8cqaI4g3osw0j+LO1jEzJY="
  },
  {
    "pname": "Newtonsoft.Json",
    "version": "13.0.1",
    "hash": "sha256-K2tSVW4n4beRPzPu3rlVaBEMdGvWSv/3Q1fxaDh4Mjo="
  },
  {
    "pname": "NNostr.Client",
    "version": "0.0.49",
    "hash": "sha256-o0aeqJlWcfKClhizyygWomiHXphErFiFuNzHGjJkb6s="
  },
  {
    "pname": "NuGet.Frameworks",
    "version": "4.0.0",
    "hash": "sha256-+DF9CVW4HxvbECOJ7UN2uaZ36zT0PyT632yUyggyWVk="
  },
  {
    "pname": "NuGet.Frameworks",
    "version": "6.5.0",
    "hash": "sha256-ElqfN4CcKxT3hP2qvxxObb4mnBlYG89IMxO0Sm5oZ2g="
  },
  {
    "pname": "QRackers",
    "version": "1.1.0",
    "hash": "sha256-ssYywDrJTMl2ZIBNyYO/TWBAxOtWJ7hI4UG7SXgsF/E="
  },
  {
    "pname": "ReactiveUI",
    "version": "20.1.1",
    "hash": "sha256-p9l2GMzBRchKb4gW9pQ3DIKhs2O9fX3t/V7jDDztBqE="
  },
  {
    "pname": "runtime.native.System",
    "version": "4.0.0",
    "hash": "sha256-bmaM0ovT4X4aqDJOR255Yda/u3fmHZskU++lMnsy894="
  },
  {
    "pname": "runtime.native.System.IO.Compression",
    "version": "4.1.0",
    "hash": "sha256-085JrZxNEwIHdBWKKKFsh1JzpF0AblvrUsz5T8kH4jQ="
  },
  {
    "pname": "runtime.native.System.Net.Http",
    "version": "4.0.1",
    "hash": "sha256-5nWnTQrA1T6t9r8MqIiV4yTNu+IH0of2OX1qteoS+8E="
  },
  {
    "pname": "runtime.native.System.Net.Security",
    "version": "4.0.1",
    "hash": "sha256-E64W+qCHZGYbhzQOEeToCob/4K8cTg3uOO7ltZG7ZNo="
  },
  {
    "pname": "runtime.native.System.Security.Cryptography",
    "version": "4.0.0",
    "hash": "sha256-6Q8eYzC32BbGIiTHoQaE6B3cD81vYQcH5SCswYRSp0w="
  },
  {
    "pname": "ShimSkiaSharp",
    "version": "1.0.0",
    "hash": "sha256-DFpkL3S0EET0Y0TBUNtQI30F9T9R7a5Ppb0ijODPuj0="
  },
  {
    "pname": "SkiaSharp",
    "version": "2.88.3",
    "hash": "sha256-WyMAjnQt8ZsuWpGLI89l/f4bHvv+cg7FdTAL7CtJBvs="
  },
  {
    "pname": "SkiaSharp",
    "version": "2.88.9",
    "hash": "sha256-jZ/4nVXYJtrz9SBf6sYc/s0FxS7ReIYM4kMkrhZS+24="
  },
  {
    "pname": "SkiaSharp.NativeAssets.Linux",
    "version": "2.88.9",
    "hash": "sha256-mQ/oBaqRR71WfS66mJCvcc3uKW7CNEHoPN2JilDbw/A="
  },
  {
    "pname": "SkiaSharp.NativeAssets.macOS",
    "version": "2.88.9",
    "hash": "sha256-qvGuAmjXGjGKMzOPBvP9VWRVOICSGb7aNVejU0lLe/g="
  },
  {
    "pname": "SkiaSharp.NativeAssets.WebAssembly",
    "version": "2.88.9",
    "hash": "sha256-vgFL4Pdy3O1RKBp+T9N3W4nkH9yurZ0suo8u3gPmmhY="
  },
  {
    "pname": "SkiaSharp.NativeAssets.Win32",
    "version": "2.88.9",
    "hash": "sha256-kP5XM5GgwHGfNJfe4T2yO5NIZtiF71Ddp0pd1vG5V/4="
  },
  {
    "pname": "Splat",
    "version": "15.1.1",
    "hash": "sha256-WipAVaUx2HrYNQ9LcYm496LndmSpVbuzJxzP9FA6Ohg="
  },
  {
    "pname": "SQLitePCLRaw.bundle_e_sqlite3",
    "version": "2.1.6",
    "hash": "sha256-dZD/bZsYXjOu46ZH5Y/wgh0uhHOqIxC+S+0ecKhr718="
  },
  {
    "pname": "SQLitePCLRaw.core",
    "version": "2.1.6",
    "hash": "sha256-RxWjm52PdmMV98dgDy0BCpF988+BssRZUgALLv7TH/E="
  },
  {
    "pname": "SQLitePCLRaw.lib.e_sqlite3",
    "version": "2.1.6",
    "hash": "sha256-uHt5d+SFUkSd6WD7Tg0J3e8eVoxy/FM/t4PAkc9PJT0="
  },
  {
    "pname": "SQLitePCLRaw.provider.e_sqlite3",
    "version": "2.1.6",
    "hash": "sha256-zHc/YZsd72eXlI8ba1tv58HZWUIiyjJaxq2CCP1hQe8="
  },
  {
    "pname": "Svg.Custom",
    "version": "1.0.0",
    "hash": "sha256-uYYud7rFWdfHXERew9MdfIP/hRrdRYR64l1F4rF6uy4="
  },
  {
    "pname": "Svg.Model",
    "version": "1.0.0",
    "hash": "sha256-J91Y4xuCYCFl57I1eZjLD7N73WA2lbhGbRc/mhlmMns="
  },
  {
    "pname": "System.AppContext",
    "version": "4.1.0",
    "hash": "sha256-v6YfyfrKmhww+EYHUq6cwYUMj00MQ6SOfJtcGVRlYzs="
  },
  {
    "pname": "System.Buffers",
    "version": "4.0.0",
    "hash": "sha256-+YUymoyS0O+xVyF2+LiAdZlMww8nofPN4ja9ylYqRo8="
  },
  {
    "pname": "System.Buffers",
    "version": "4.5.1",
    "hash": "sha256-wws90sfi9M7kuCPWkv1CEYMJtCqx9QB/kj0ymlsNaxI="
  },
  {
    "pname": "System.Collections",
    "version": "4.0.11",
    "hash": "sha256-puoFMkx4Z55C1XPxNw3np8nzNGjH+G24j43yTIsDRL0="
  },
  {
    "pname": "System.Collections",
    "version": "4.3.0",
    "hash": "sha256-afY7VUtD6w/5mYqrce8kQrvDIfS2GXDINDh73IjxJKc="
  },
  {
    "pname": "System.Collections.Concurrent",
    "version": "4.0.12",
    "hash": "sha256-zIEM7AB4SyE9u6G8+o+gCLLwkgi6+3rHQVPdn/dEwB8="
  },
  {
    "pname": "System.Collections.Immutable",
    "version": "1.2.0",
    "hash": "sha256-FQ3l+ulbLSPhQ0JcQCC4D4SzjTnHsRqcOj56Ywy7pMo="
  },
  {
    "pname": "System.Collections.Immutable",
    "version": "7.0.0",
    "hash": "sha256-9an2wbxue2qrtugYES9awshQg+KfJqajhnhs45kQIdk="
  },
  {
    "pname": "System.Collections.NonGeneric",
    "version": "4.0.1",
    "hash": "sha256-jdCVXmGOsJ+2F0xAagCkiMZ91SGAm9iOhO2u4ksmKaU="
  },
  {
    "pname": "System.Collections.NonGeneric",
    "version": "4.3.0",
    "hash": "sha256-8/yZmD4jjvq7m68SPkJZLBQ79jOTOyT5lyzX4SCYAx8="
  },
  {
    "pname": "System.Collections.Specialized",
    "version": "4.3.0",
    "hash": "sha256-QNg0JJNx+zXMQ26MJRPzH7THdtqjrNtGLUgaR1SdvOk="
  },
  {
    "pname": "System.ComponentModel",
    "version": "4.0.1",
    "hash": "sha256-X5T36S49q1odsn6wAET6EGNlsxOyd66naMr5T3G9mGw="
  },
  {
    "pname": "System.ComponentModel",
    "version": "4.3.0",
    "hash": "sha256-i00uujMO4JEDIEPKLmdLY3QJ6vdSpw6Gh9oOzkFYBiU="
  },
  {
    "pname": "System.ComponentModel.Annotations",
    "version": "4.1.0",
    "hash": "sha256-jhvr6zS+iC4OXBkdXr+S8rPy/5nfhZtDVVJiAc0f1VA="
  },
  {
    "pname": "System.ComponentModel.Annotations",
    "version": "5.0.0",
    "hash": "sha256-0pST1UHgpeE6xJrYf5R+U7AwIlH3rVC3SpguilI/MAg="
  },
  {
    "pname": "System.ComponentModel.Primitives",
    "version": "4.3.0",
    "hash": "sha256-IOMJleuIBppmP4ECB3uftbdcgL7CCd56+oAD/Sqrbus="
  },
  {
    "pname": "System.ComponentModel.TypeConverter",
    "version": "4.3.0",
    "hash": "sha256-PSDiPYt8PgTdTUBz+GH6lHCaM1YgfObneHnZsc8Fz54="
  },
  {
    "pname": "System.Console",
    "version": "4.0.0",
    "hash": "sha256-jtZfT/TpJtLisV/y5Mk3IfCpE79zwhBYXtyGP9jC3Xo="
  },
  {
    "pname": "System.Diagnostics.Contracts",
    "version": "4.0.1",
    "hash": "sha256-Mq2MU+80m+zqhe92JazEIDi4rsgk8MHg3yjNYlObzXg="
  },
  {
    "pname": "System.Diagnostics.Debug",
    "version": "4.0.11",
    "hash": "sha256-P+rSQJVoN6M56jQbs76kZ9G3mAWFdtF27P/RijN8sj4="
  },
  {
    "pname": "System.Diagnostics.Debug",
    "version": "4.3.0",
    "hash": "sha256-fkA79SjPbSeiEcrbbUsb70u9B7wqbsdM9s1LnoKj0gM="
  },
  {
    "pname": "System.Diagnostics.DiagnosticSource",
    "version": "4.0.0",
    "hash": "sha256-dYh9UoFesuGcHY+ewsI+z2WnNy+bwHPsHQ3t85cbzNg="
  },
  {
    "pname": "System.Diagnostics.EventLog",
    "version": "6.0.0",
    "hash": "sha256-zUXIQtAFKbiUMKCrXzO4mOTD5EUphZzghBYKXprowSM="
  },
  {
    "pname": "System.Diagnostics.EventLog",
    "version": "8.0.0",
    "hash": "sha256-rt8xc3kddpQY4HEdghlBeOK4gdw5yIj4mcZhAVtk2/Y="
  },
  {
    "pname": "System.Diagnostics.FileVersionInfo",
    "version": "4.0.0",
    "hash": "sha256-Yy94jPhDXF2QHOF7qTmqKkn1048K9xkKryuBeDzsu+g="
  },
  {
    "pname": "System.Diagnostics.Process",
    "version": "4.1.0",
    "hash": "sha256-OgW6ogQ+oYADYS0PHmwXdhrOKQJpqXlwzSvmfjTLNBg="
  },
  {
    "pname": "System.Diagnostics.StackTrace",
    "version": "4.0.1",
    "hash": "sha256-gqqCAwpDsca242nli+fejgqwPAuwROv3NoNeOnFXSWA="
  },
  {
    "pname": "System.Diagnostics.Tools",
    "version": "4.0.1",
    "hash": "sha256-vSBqTbmWXylvRa37aWyktym+gOpsvH43mwr6A962k6U="
  },
  {
    "pname": "System.Diagnostics.Tools",
    "version": "4.3.0",
    "hash": "sha256-gVOv1SK6Ape0FQhCVlNOd9cvQKBvMxRX9K0JPVi8w0Y="
  },
  {
    "pname": "System.Diagnostics.TraceSource",
    "version": "4.0.0",
    "hash": "sha256-cCjdPU7ow91HGf1hBIOLJMQGO6pNmF+N+5/Z38XJh9U="
  },
  {
    "pname": "System.Diagnostics.Tracing",
    "version": "4.1.0",
    "hash": "sha256-JA0jJcLbU3zh52ub3zweob2EVHvxOqiC6SCYHrY5WbQ="
  },
  {
    "pname": "System.Dynamic.Runtime",
    "version": "4.0.11",
    "hash": "sha256-qWqFVxuXioesVftv2RVJZOnmojUvRjb7cS3Oh3oTit4="
  },
  {
    "pname": "System.Dynamic.Runtime",
    "version": "4.3.0",
    "hash": "sha256-k75gjOYimIQtLBD5NDzwwi3ZMUBPRW3jmc3evDMMJbU="
  },
  {
    "pname": "System.Globalization",
    "version": "4.0.11",
    "hash": "sha256-rbSgc2PIEc2c2rN6LK3qCREAX3DqA2Nq1WcLrZYsDBw="
  },
  {
    "pname": "System.Globalization",
    "version": "4.3.0",
    "hash": "sha256-caL0pRmFSEsaoeZeWN5BTQtGrAtaQPwFi8YOZPZG5rI="
  },
  {
    "pname": "System.Globalization.Calendars",
    "version": "4.0.1",
    "hash": "sha256-EJN3LbN+b0O9Dr2eg7kfThCYpne0iJ/H/GIyUTNVYC8="
  },
  {
    "pname": "System.Globalization.Extensions",
    "version": "4.0.1",
    "hash": "sha256-zLtkPryJwqTGcJqMC6zoMMvMrT+aAL5GoumjmMtqUEI="
  },
  {
    "pname": "System.Globalization.Extensions",
    "version": "4.3.0",
    "hash": "sha256-mmJWA27T0GRVuFP9/sj+4TrR4GJWrzNIk2PDrbr7RQk="
  },
  {
    "pname": "System.Interactive.Async",
    "version": "6.0.1",
    "hash": "sha256-4yzkdop+BMlpQ+qz/H7D7LkH1Ekh9n51t9yteHpv/58="
  },
  {
    "pname": "System.Interactive.Async",
    "version": "7.0.0",
    "hash": "sha256-s3wva/HMTPiTRhoo93z16/XB7xjBu72dudIUNPbalOE="
  },
  {
    "pname": "System.IO",
    "version": "4.1.0",
    "hash": "sha256-V6oyQFwWb8NvGxAwvzWnhPxy9dKOfj/XBM3tEC5aHrw="
  },
  {
    "pname": "System.IO",
    "version": "4.3.0",
    "hash": "sha256-ruynQHekFP5wPrDiVyhNiRIXeZ/I9NpjK5pU+HPDiRY="
  },
  {
    "pname": "System.IO.Compression",
    "version": "4.1.0",
    "hash": "sha256-UT4KEfJNZOk7b4X0AqLFUsqfHu6myVH/BhbRKYc+1Uc="
  },
  {
    "pname": "System.IO.Compression.ZipFile",
    "version": "4.0.1",
    "hash": "sha256-An0Twb9JODl/nuVm6MR0kJ3aj4WxGpI/1/vVp5b94kA="
  },
  {
    "pname": "System.IO.FileSystem",
    "version": "4.0.1",
    "hash": "sha256-4VKXFgcGYCTWVXjAlniAVq0dO3o5s8KHylg2wg2/7k0="
  },
  {
    "pname": "System.IO.FileSystem",
    "version": "4.3.0",
    "hash": "sha256-vNIYnvlayuVj0WfRfYKpDrhDptlhp1pN8CYmlVd2TXw="
  },
  {
    "pname": "System.IO.FileSystem.Primitives",
    "version": "4.0.1",
    "hash": "sha256-IpigKMomqb6pmYWkrlf0ZdpILtRluX2cX5sOKVW0Feg="
  },
  {
    "pname": "System.IO.FileSystem.Primitives",
    "version": "4.3.0",
    "hash": "sha256-LMnfg8Vwavs9cMnq9nNH8IWtAtSfk0/Fy4s4Rt9r1kg="
  },
  {
    "pname": "System.IO.FileSystem.Watcher",
    "version": "4.0.0",
    "hash": "sha256-OcLhbiHvn453sJsZBHe6RmtDlCaaarcqRB439HGU7mU="
  },
  {
    "pname": "System.IO.MemoryMappedFiles",
    "version": "4.0.0",
    "hash": "sha256-1VQa8FoMUNAsja31OvOn7ungif+IPusAe9YcR+kRF6o="
  },
  {
    "pname": "System.IO.Pipelines",
    "version": "8.0.0",
    "hash": "sha256-LdpB1s4vQzsOODaxiKstLks57X9DTD5D6cPx8DE1wwE="
  },
  {
    "pname": "System.IO.Pipes",
    "version": "4.0.0",
    "hash": "sha256-6qMAD6DCZ5c1wswLWi1msqwu8GwI8un1RzjpUhzbrjs="
  },
  {
    "pname": "System.IO.UnmanagedMemoryStream",
    "version": "4.0.1",
    "hash": "sha256-Sx60QjHjvXQMAL7O4aN81321gu13LE0XzCRtt7hFTwQ="
  },
  {
    "pname": "System.Linq",
    "version": "4.1.0",
    "hash": "sha256-ZQpFtYw5N1F1aX0jUK3Tw+XvM5tnlnshkTCNtfVA794="
  },
  {
    "pname": "System.Linq",
    "version": "4.3.0",
    "hash": "sha256-R5uiSL3l6a3XrXSSL6jz+q/PcyVQzEAByiuXZNSqD/A="
  },
  {
    "pname": "System.Linq.Async",
    "version": "6.0.1",
    "hash": "sha256-uH5fZhcyQVtnsFc6GTUaRRrAQm05v5euJyWCXSFSOYI="
  },
  {
    "pname": "System.Linq.Async",
    "version": "7.0.0",
    "hash": "sha256-fnzmJ4+8hWhjEDr1t4E00sdndoZPgYTZTB0gjHYede4="
  },
  {
    "pname": "System.Linq.Expressions",
    "version": "4.1.0",
    "hash": "sha256-7zqB+FXgkvhtlBzpcZyd81xczWP0D3uWssyAGw3t7b4="
  },
  {
    "pname": "System.Linq.Expressions",
    "version": "4.3.0",
    "hash": "sha256-+3pvhZY7rip8HCbfdULzjlC9FPZFpYoQxhkcuFm2wk8="
  },
  {
    "pname": "System.Linq.Parallel",
    "version": "4.0.1",
    "hash": "sha256-TV1F3KYFipPmPnWFjX6hOZQNFsG2m729EdgPSFzqY0Q="
  },
  {
    "pname": "System.Linq.Queryable",
    "version": "4.0.1",
    "hash": "sha256-XOFRO+lyoxsWtIUJfg5JCqv9Gx35ASOc94WIR8ZMVoY="
  },
  {
    "pname": "System.Memory",
    "version": "4.5.5",
    "hash": "sha256-EPQ9o1Kin7KzGI5O3U3PUQAZTItSbk9h/i4rViN3WiI="
  },
  {
    "pname": "System.Net.Http",
    "version": "4.1.0",
    "hash": "sha256-y6PnGuObJvOkhl9CXNFJQcV3SXuEz5yRLOCxGGTEucQ="
  },
  {
    "pname": "System.Net.NameResolution",
    "version": "4.0.0",
    "hash": "sha256-EAO67qEDqrtxEa+J3xccA5/lgCJ0PiRU9DYZsO++QzY="
  },
  {
    "pname": "System.Net.Primitives",
    "version": "4.0.11",
    "hash": "sha256-2YSijNhCdw/ZU2yfH7vE+ReA8pgxRCXPnWr+ab36v4M="
  },
  {
    "pname": "System.Net.Requests",
    "version": "4.0.11",
    "hash": "sha256-MLXxaUhHQC3pId/6r4q0EF37CIExt0+4Na8ZpUtRs44="
  },
  {
    "pname": "System.Net.Security",
    "version": "4.0.0",
    "hash": "sha256-65Vqr/B5B336KEW69aM95+f7s5u2Q7/OiJmBarV2fnk="
  },
  {
    "pname": "System.Net.Sockets",
    "version": "4.1.0",
    "hash": "sha256-muK7oXIX7ykqhXskuUt0KX6Hzg5VogJhUS0JiOB2BY0="
  },
  {
    "pname": "System.Net.WebHeaderCollection",
    "version": "4.0.1",
    "hash": "sha256-uJSV6kmL+V/9/ot1LhHXGCd8Ndcu6zk+AJ8wgGS/fYE="
  },
  {
    "pname": "System.Numerics.Vectors",
    "version": "4.1.1",
    "hash": "sha256-Kv4FrStml5+X7hGDCLhJJaIwJDvdJdYMBfcCcOjNf/Y="
  },
  {
    "pname": "System.Numerics.Vectors",
    "version": "4.4.0",
    "hash": "sha256-auXQK2flL/JpnB/rEcAcUm4vYMCYMEMiWOCAlIaqu2U="
  },
  {
    "pname": "System.ObjectModel",
    "version": "4.0.12",
    "hash": "sha256-MudZ/KYcvYsn2cST3EE049mLikrNkmE7QoUoYKKby+s="
  },
  {
    "pname": "System.ObjectModel",
    "version": "4.3.0",
    "hash": "sha256-gtmRkWP2Kwr3nHtDh0yYtce38z1wrGzb6fjm4v8wN6Q="
  },
  {
    "pname": "System.Private.DataContractSerialization",
    "version": "4.1.1",
    "hash": "sha256-OaE+ZcEfkpIkbdMOMAMiJa9vgiVP25FGuFrf+N/mafY="
  },
  {
    "pname": "System.Private.Uri",
    "version": "4.3.2",
    "hash": "sha256-jB2+W3tTQ6D9XHy5sEFMAazIe1fu2jrENUO0cb48OgU="
  },
  {
    "pname": "System.Reactive",
    "version": "5.0.0",
    "hash": "sha256-M5Z8pw8rVb8ilbnTdaOptzk5VFd5DlKa7zzCpuytTtE="
  },
  {
    "pname": "System.Reactive",
    "version": "6.0.0",
    "hash": "sha256-hXB18OsiUHSCmRF3unAfdUEcbXVbG6/nZxcyz13oe9Y="
  },
  {
    "pname": "System.Reactive",
    "version": "6.0.1",
    "hash": "sha256-Lo5UMqp8DsbVSUxa2UpClR1GoYzqQQcSxkfyFqB/d4Q="
  },
  {
    "pname": "System.Reflection",
    "version": "4.1.0",
    "hash": "sha256-idZHGH2Yl/hha1CM4VzLhsaR8Ljo/rV7TYe7mwRJSMs="
  },
  {
    "pname": "System.Reflection",
    "version": "4.3.0",
    "hash": "sha256-NQSZRpZLvtPWDlvmMIdGxcVuyUnw92ZURo0hXsEshXY="
  },
  {
    "pname": "System.Reflection.DispatchProxy",
    "version": "4.0.1",
    "hash": "sha256-GdjA81UywW1yeAyNi+MR5agmOXl859GrWwiOui2jT9U="
  },
  {
    "pname": "System.Reflection.Emit",
    "version": "4.0.1",
    "hash": "sha256-F1MvYoQWHCY89/O4JBwswogitqVvKuVfILFqA7dmuHk="
  },
  {
    "pname": "System.Reflection.Emit",
    "version": "4.3.0",
    "hash": "sha256-5LhkDmhy2FkSxulXR+bsTtMzdU3VyyuZzsxp7/DwyIU="
  },
  {
    "pname": "System.Reflection.Emit.ILGeneration",
    "version": "4.0.1",
    "hash": "sha256-YG+eJBG5P+5adsHiw/lhJwvREnvdHw6CJyS8ZV4Ujd0="
  },
  {
    "pname": "System.Reflection.Emit.ILGeneration",
    "version": "4.3.0",
    "hash": "sha256-mKRknEHNls4gkRwrEgi39B+vSaAz/Gt3IALtS98xNnA="
  },
  {
    "pname": "System.Reflection.Emit.Lightweight",
    "version": "4.0.1",
    "hash": "sha256-uVvNOnL64CPqsgZP2OLqNmxdkZl6Q0fTmKmv9gcBi+g="
  },
  {
    "pname": "System.Reflection.Emit.Lightweight",
    "version": "4.3.0",
    "hash": "sha256-rKx4a9yZKcajloSZHr4CKTVJ6Vjh95ni+zszPxWjh2I="
  },
  {
    "pname": "System.Reflection.Extensions",
    "version": "4.0.1",
    "hash": "sha256-NsfmzM9G/sN3H8X2cdnheTGRsh7zbRzvegnjDzDH/FQ="
  },
  {
    "pname": "System.Reflection.Extensions",
    "version": "4.3.0",
    "hash": "sha256-mMOCYzUenjd4rWIfq7zIX9PFYk/daUyF0A8l1hbydAk="
  },
  {
    "pname": "System.Reflection.Metadata",
    "version": "1.3.0",
    "hash": "sha256-a/RQr++mSsziWaOTknicfIQX/zJrwPFExfhK6PM0tfg="
  },
  {
    "pname": "System.Reflection.Metadata",
    "version": "7.0.0",
    "hash": "sha256-GwAKQhkhPBYTqmRdG9c9taqrKSKDwyUgOEhWLKxWNPI="
  },
  {
    "pname": "System.Reflection.Primitives",
    "version": "4.0.1",
    "hash": "sha256-SFSfpWEyCBMAOerrMCOiKnpT+UAWTvRcmoRquJR6Vq0="
  },
  {
    "pname": "System.Reflection.Primitives",
    "version": "4.3.0",
    "hash": "sha256-5ogwWB4vlQTl3jjk1xjniG2ozbFIjZTL9ug0usZQuBM="
  },
  {
    "pname": "System.Reflection.TypeExtensions",
    "version": "4.1.0",
    "hash": "sha256-R0YZowmFda+xzKNR4kKg7neFoE30KfZwp/IwfRSKVK4="
  },
  {
    "pname": "System.Reflection.TypeExtensions",
    "version": "4.3.0",
    "hash": "sha256-4U4/XNQAnddgQIHIJq3P2T80hN0oPdU2uCeghsDTWng="
  },
  {
    "pname": "System.Resources.Reader",
    "version": "4.0.0",
    "hash": "sha256-NOax26EYc/L4bfedL2a33fg4sFXVkBwzVTQ41saJTsk="
  },
  {
    "pname": "System.Resources.ResourceManager",
    "version": "4.0.1",
    "hash": "sha256-cZ2/3/fczLjEpn6j3xkgQV9ouOVjy4Kisgw5xWw9kSw="
  },
  {
    "pname": "System.Resources.ResourceManager",
    "version": "4.3.0",
    "hash": "sha256-idiOD93xbbrbwwSnD4mORA9RYi/D/U48eRUsn/WnWGo="
  },
  {
    "pname": "System.Resources.Writer",
    "version": "4.0.0",
    "hash": "sha256-u9LxSndJMc3H/8GoelW6iyn7erRXy3YEvZs1OVEQFx4="
  },
  {
    "pname": "System.Runtime",
    "version": "4.1.0",
    "hash": "sha256-FViNGM/4oWtlP6w0JC0vJU+k9efLKZ+yaXrnEeabDQo="
  },
  {
    "pname": "System.Runtime",
    "version": "4.3.0",
    "hash": "sha256-51813WXpBIsuA6fUtE5XaRQjcWdQ2/lmEokJt97u0Rg="
  },
  {
    "pname": "System.Runtime",
    "version": "4.3.1",
    "hash": "sha256-R9T68AzS1PJJ7v6ARz9vo88pKL1dWqLOANg4pkQjkA0="
  },
  {
    "pname": "System.Runtime.CompilerServices.Unsafe",
    "version": "4.4.0",
    "hash": "sha256-SeTI4+yVRO2SmAKgOrMni4070OD+Oo8L1YiEVeKDyig="
  },
  {
    "pname": "System.Runtime.CompilerServices.Unsafe",
    "version": "4.5.3",
    "hash": "sha256-lnZMUqRO4RYRUeSO8HSJ9yBHqFHLVbmenwHWkIU20ak="
  },
  {
    "pname": "System.Runtime.CompilerServices.Unsafe",
    "version": "6.0.0",
    "hash": "sha256-bEG1PnDp7uKYz/OgLOWs3RWwQSVYm+AnPwVmAmcgp2I="
  },
  {
    "pname": "System.Runtime.Extensions",
    "version": "4.1.0",
    "hash": "sha256-X7DZ5CbPY7jHs20YZ7bmcXs9B5Mxptu/HnBUvUnNhGc="
  },
  {
    "pname": "System.Runtime.Extensions",
    "version": "4.3.0",
    "hash": "sha256-wLDHmozr84v1W2zYCWYxxj0FR0JDYHSVRaRuDm0bd/o="
  },
  {
    "pname": "System.Runtime.Handles",
    "version": "4.0.1",
    "hash": "sha256-j2QgVO9ZOjv7D1het98CoFpjoYgxjupuIhuBUmLLH7w="
  },
  {
    "pname": "System.Runtime.Handles",
    "version": "4.3.0",
    "hash": "sha256-KJ5aXoGpB56Y6+iepBkdpx/AfaJDAitx4vrkLqR7gms="
  },
  {
    "pname": "System.Runtime.InteropServices",
    "version": "4.1.0",
    "hash": "sha256-QceAYlJvkPRJc/+5jR+wQpNNI3aqGySWWSO30e/FfQY="
  },
  {
    "pname": "System.Runtime.InteropServices",
    "version": "4.3.0",
    "hash": "sha256-8sDH+WUJfCR+7e4nfpftj/+lstEiZixWUBueR2zmHgI="
  },
  {
    "pname": "System.Runtime.InteropServices.RuntimeInformation",
    "version": "4.0.0",
    "hash": "sha256-5j53amb76A3SPiE3B0llT2XPx058+CgE7OXL4bLalT4="
  },
  {
    "pname": "System.Runtime.Loader",
    "version": "4.0.0",
    "hash": "sha256-gE5/ehU3Qq5phhSxGuPmSv1DFVQeiyl1/+YyrO+I7lI="
  },
  {
    "pname": "System.Runtime.Numerics",
    "version": "4.0.1",
    "hash": "sha256-1pJt5ZGxLPTX1mjOi8qZPXyyOMkYV0NstoUCv91HYPg="
  },
  {
    "pname": "System.Runtime.Numerics",
    "version": "4.3.0",
    "hash": "sha256-P5jHCgMbgFMYiONvzmaKFeOqcAIDPu/U8bOVrNPYKqc="
  },
  {
    "pname": "System.Runtime.Serialization.Formatters",
    "version": "4.3.0",
    "hash": "sha256-Feic7MGKVG4imh7kpLkPHmApQzYjq7SxHnazh2wZkoQ="
  },
  {
    "pname": "System.Runtime.Serialization.Primitives",
    "version": "4.1.1",
    "hash": "sha256-80B05oxJbPLGq2pGOSl6NlZvintX9A1CNpna2aN0WRA="
  },
  {
    "pname": "System.Runtime.Serialization.Primitives",
    "version": "4.3.0",
    "hash": "sha256-zu5m1M9usend+i9sbuD6Xbizdo8Z6N5PEF9DAtEVewc="
  },
  {
    "pname": "System.Runtime.Serialization.Xml",
    "version": "4.1.1",
    "hash": "sha256-Mx/8hiqvp1E4I6ysJC3U8D2B9qhRQcVvEOivV6w65IQ="
  },
  {
    "pname": "System.Security.Claims",
    "version": "4.0.1",
    "hash": "sha256-xqI0HHahNAd9g3jqgnLKH4P/pIueef6cy3qvRDQFvA0="
  },
  {
    "pname": "System.Security.Cryptography.Algorithms",
    "version": "4.2.0",
    "hash": "sha256-BelNIpEyToEp/VYKnje/q1P7KNEpQNtOzGPU18pLGpE="
  },
  {
    "pname": "System.Security.Cryptography.Cng",
    "version": "4.2.0",
    "hash": "sha256-7F+m3HnmBsgE4xWF8FeCGlaEgQM3drqA6HEaQr6MEoU="
  },
  {
    "pname": "System.Security.Cryptography.Csp",
    "version": "4.0.0",
    "hash": "sha256-WHyR6vVK3zaT4De7jgQFUar1P5fiX9ECwiVkJDFFm7M="
  },
  {
    "pname": "System.Security.Cryptography.Encoding",
    "version": "4.0.0",
    "hash": "sha256-ZO7ha39J5uHkIF2RoEKv/bW/bLbVvYMO4+rWyYsKHik="
  },
  {
    "pname": "System.Security.Cryptography.OpenSsl",
    "version": "4.0.0",
    "hash": "sha256-mLijAozynzjiOMyh2P5BHcfVq3Ovd0T/phG08SIbXZs="
  },
  {
    "pname": "System.Security.Cryptography.Primitives",
    "version": "4.0.0",
    "hash": "sha256-sEdPftfTxQd/8DpdpqUZC2XWC0SjVCPqAkEleLl17EQ="
  },
  {
    "pname": "System.Security.Cryptography.X509Certificates",
    "version": "4.1.0",
    "hash": "sha256-sBUUhJP+yYDXvcjNMKqNpn8yzGUpVABwK9vVUvYKjzI="
  },
  {
    "pname": "System.Security.Principal",
    "version": "4.0.1",
    "hash": "sha256-9wBgPnJfFOtrhKZ7wDXZ4q12GklQ49Ka02/9v7Frf9k="
  },
  {
    "pname": "System.Security.Principal.Windows",
    "version": "4.0.0",
    "hash": "sha256-38wEUCB889Mpm4WgRFEQBB+4HtE0X0wu+knrDyJie7Q="
  },
  {
    "pname": "System.Text.Encoding",
    "version": "4.0.11",
    "hash": "sha256-PEailOvG05CVgPTyKLtpAgRydlSHmtd5K0Y8GSHY2Lc="
  },
  {
    "pname": "System.Text.Encoding",
    "version": "4.3.0",
    "hash": "sha256-GctHVGLZAa/rqkBNhsBGnsiWdKyv6VDubYpGkuOkBLg="
  },
  {
    "pname": "System.Text.Encoding.CodePages",
    "version": "4.0.1",
    "hash": "sha256-wxtwWQSTv5tuFP79KhUAhaL6bL4d8lSzSWkCn9aolwM="
  },
  {
    "pname": "System.Text.Encoding.CodePages",
    "version": "7.0.0",
    "hash": "sha256-eCKTVwumD051ZEcoJcDVRGnIGAsEvKpfH3ydKluHxmo="
  },
  {
    "pname": "System.Text.Encoding.Extensions",
    "version": "4.0.11",
    "hash": "sha256-+kf7J3dEhgCbnCM5vHYlsTm5/R/Ud0Jr6elpHm922iI="
  },
  {
    "pname": "System.Text.Encoding.Extensions",
    "version": "4.3.0",
    "hash": "sha256-vufHXg8QAKxHlujPHHcrtGwAqFmsCD6HKjfDAiHyAYc="
  },
  {
    "pname": "System.Text.Json",
    "version": "8.0.5",
    "hash": "sha256-yKxo54w5odWT6nPruUVsaX53oPRe+gKzGvLnnxtwP68="
  },
  {
    "pname": "System.Text.RegularExpressions",
    "version": "4.1.0",
    "hash": "sha256-x6OQN6MCN7S0fJ6EFTfv4rczdUWjwuWE9QQ0P6fbh9c="
  },
  {
    "pname": "System.Text.RegularExpressions",
    "version": "4.3.0",
    "hash": "sha256-VLCk1D1kcN2wbAe3d0YQM/PqCsPHOuqlBY1yd2Yo+K0="
  },
  {
    "pname": "System.Threading",
    "version": "4.0.11",
    "hash": "sha256-mob1Zv3qLQhQ1/xOLXZmYqpniNUMCfn02n8ZkaAhqac="
  },
  {
    "pname": "System.Threading",
    "version": "4.3.0",
    "hash": "sha256-ZDQ3dR4pzVwmaqBg4hacZaVenQ/3yAF/uV7BXZXjiWc="
  },
  {
    "pname": "System.Threading.Overlapped",
    "version": "4.0.1",
    "hash": "sha256-CAWZlavcuBQHs+kaSX9CmkpHF7wC8rFrug3XPb5KJzo="
  },
  {
    "pname": "System.Threading.Tasks",
    "version": "4.0.11",
    "hash": "sha256-5SLxzFg1df6bTm2t09xeI01wa5qQglqUwwJNlQPJIVs="
  },
  {
    "pname": "System.Threading.Tasks",
    "version": "4.3.0",
    "hash": "sha256-Z5rXfJ1EXp3G32IKZGiZ6koMjRu0n8C1NGrwpdIen4w="
  },
  {
    "pname": "System.Threading.Tasks.Dataflow",
    "version": "4.6.0",
    "hash": "sha256-YYrT3GRzVBdendxt8FUDCnOBJi0nw/CJ9VrzcPJWLSg="
  },
  {
    "pname": "System.Threading.Tasks.Extensions",
    "version": "4.0.0",
    "hash": "sha256-+YdcPkMhZhRbMZHnfsDwpNbUkr31X7pQFGxXYcAPZbE="
  },
  {
    "pname": "System.Threading.Tasks.Extensions",
    "version": "4.3.0",
    "hash": "sha256-X2hQ5j+fxcmnm88Le/kSavjiGOmkcumBGTZKBLvorPc="
  },
  {
    "pname": "System.Threading.Tasks.Extensions",
    "version": "4.5.4",
    "hash": "sha256-owSpY8wHlsUXn5xrfYAiu847L6fAKethlvYx97Ri1ng="
  },
  {
    "pname": "System.Threading.Tasks.Parallel",
    "version": "4.0.1",
    "hash": "sha256-5VyRZ97Fug4reK/cQ6wsCrJ5jH53aGu1a4ZkKMZrnIQ="
  },
  {
    "pname": "System.Threading.Thread",
    "version": "4.0.0",
    "hash": "sha256-7EtSJuKqcW107FYA5Ko9NFXEWUPIzNDtlfKaQV2pvb8="
  },
  {
    "pname": "System.Threading.ThreadPool",
    "version": "4.0.10",
    "hash": "sha256-/fowWjM/0ZZFC1Rwu0i5N71iRxV2JOd3jQV2Jn0wuTk="
  },
  {
    "pname": "System.Threading.Timer",
    "version": "4.0.1",
    "hash": "sha256-5lU6zt1O9JDSPr2KAHw4BYgysHnt0yyZrMNa5IIjxZY="
  },
  {
    "pname": "System.Xml.ReaderWriter",
    "version": "4.0.11",
    "hash": "sha256-haZAFFQ9Sl2DhfvEbdx2YRqKEoxNMU5STaqpMmXw0zA="
  },
  {
    "pname": "System.Xml.ReaderWriter",
    "version": "4.3.0",
    "hash": "sha256-QQ8KgU0lu4F5Unh+TbechO//zaAGZ4MfgvW72Cn1hzA="
  },
  {
    "pname": "System.Xml.XDocument",
    "version": "4.0.11",
    "hash": "sha256-KPz1kxe0RUBM+aoktJ/f9p51GudMERU8Pmwm//HdlFg="
  },
  {
    "pname": "System.Xml.XDocument",
    "version": "4.3.0",
    "hash": "sha256-rWtdcmcuElNOSzCehflyKwHkDRpiOhJJs8CeQ0l1CCI="
  },
  {
    "pname": "System.Xml.XmlDocument",
    "version": "4.0.1",
    "hash": "sha256-gdoFrPo54v1LjkBF79f8EvtltVVjHz9ZI9kc5ve0GkY="
  },
  {
    "pname": "System.Xml.XmlDocument",
    "version": "4.3.0",
    "hash": "sha256-kbuV4Y7rVJkfMp2Kgoi8Zvdatm9CZNmlKB3GZgANvy4="
  },
  {
    "pname": "System.Xml.XmlSerializer",
    "version": "4.0.11",
    "hash": "sha256-v6x4d6W18dijG5cDqQmVHdtWRf6Y4OkdBolT3d5g3wY="
  },
  {
    "pname": "System.Xml.XPath",
    "version": "4.0.1",
    "hash": "sha256-lQCoK2M51SGRuGjfiuIW26Y2goABY2RLE6cZ4816WDo="
  },
  {
    "pname": "System.Xml.XPath.XDocument",
    "version": "4.0.1",
    "hash": "sha256-H/zyMMB1YB8vd+StYJr99KLqWmSHhaP7RHDLRcFhzbo="
  },
  {
    "pname": "System.Xml.XPath.XmlDocument",
    "version": "4.0.1",
    "hash": "sha256-bK9AfAYrdSipdRbmo8Rk7394ku92UFNe2TEQF5+k/lA="
  },
  {
    "pname": "Tmds.DBus.Protocol",
    "version": "0.20.0",
    "hash": "sha256-CRW/tkgsuBiBJfRwou12ozRQsWhHDooeP88E5wWpWJw="
  },
  {
    "pname": "WabiSabi",
    "version": "1.0.1.2",
    "hash": "sha256-Gx+tuXraMABak8s0SeofbXpNLVfTnxz4At4+HejnQeU="
  },
  {
    "pname": "xunit",
    "version": "2.6.6",
    "hash": "sha256-uuTcjtXrMiTTMsCnyG5vBEN94zZyJVGzJAV7yjxIggg="
  },
  {
    "pname": "xunit.abstractions",
    "version": "2.0.3",
    "hash": "sha256-0D1y/C34iARI96gb3bAOG8tcGPMjx+fMabTPpydGlAM="
  },
  {
    "pname": "xunit.analyzers",
    "version": "1.10.0",
    "hash": "sha256-TmH5jen7Y90lpM6c18DGsMbUoXKq2I9Clqsu0m9fmSw="
  },
  {
    "pname": "xunit.assert",
    "version": "2.6.6",
    "hash": "sha256-ZbUViqWlExgASGARoQzSbAt0HWfQOSgyGnu1T5ZJd+Y="
  },
  {
    "pname": "xunit.core",
    "version": "2.4.0",
    "hash": "sha256-dt59aoFjpqlbcPFGwPrzOSEBSPIn33tLcLraK8xEntE="
  },
  {
    "pname": "xunit.core",
    "version": "2.6.6",
    "hash": "sha256-lt5/d8CE1I1MPqQ/NKaWEV6ICGjkWID/xDnvmjUpInY="
  },
  {
    "pname": "xunit.extensibility.core",
    "version": "2.6.6",
    "hash": "sha256-gGZxPQNghCPFvbijnIrSt17iuxwImHvWEHtNVFY4HDk="
  },
  {
    "pname": "xunit.extensibility.execution",
    "version": "2.6.6",
    "hash": "sha256-5Mvv9Nu+pCwZz4CIZX1l+yo6S6mEGIWPaOTyv7srSVg="
  },
  {
    "pname": "xunit.runner.visualstudio",
    "version": "2.5.6",
    "hash": "sha256-CLlPdVfUk7Uw/cjOduQfPyA8d5+l1hCjFzf+snw11M4="
  }
]
